Gridcode,BD,Sand,Clay,Silt,CRF
100001,479.114,43.109,21.964,34.957,3.494
100002,783.751,37.145,22.466,40.415,5.932
100003,731.003,47.916,18.051,34.033,3.009
100004,857.933,40.029,21.093,38.887,5.731
100005,904.902,40.595,18.961,40.445,10.022
100006,762.866,60.027,14.24,25.716,1.813
100007,797.016,55.055,13.893,31.039,2.718
100008,690.562,49.689,16.161,34.141,4.163
100009,734.541,45.542,13.7,40.743,9.274
100010,903.35,69.733,6.372,23.877,1.872
100011,807.186,65.692,8.102,26.246,2.343
100012,733.389,60.908,9.369,29.703,3.149
100013,622.823,56.204,12.211,31.555,3.348
100014,616.585,52.441,9.559,37.979,6.976
100015,897.531,70.783,6.621,22.562,3.886
100016,981.273,74.454,3.596,21.808,2.745
100017,823.546,71.757,4.895,23.348,2.518
100018,750.987,61.193,8.865,29.934,3.403
100019,516.451,46.231,16.383,37.391,5.915
100020,651.809,53.056,9.796,37.147,5.729
100021,863.343,78.383,3.185,18.328,2.785
100022,734.406,78.345,2.922,18.57,2.686
100023,724.122,77.396,3.634,18.881,1.618
100024,695.201,69.121,7.505,23.353,2.217
100025,627.234,54.779,10.354,34.873,5.045
100026,722.643,55.649,7.6,36.756,5.3
100027,1066.246,86.132,2.906,10.845,1.491
100028,962.463,83.302,2.522,14.079,1.717
100029,772.078,78.794,2.318,18.74,2.413
100030,731.484,73.466,4.232,22.234,2.666
100031,755.017,70.249,4.162,25.559,2.805
100032,784.714,63.142,4.907,31.945,3.437
100033,860.713,60.158,4.819,35.017,4.5
100034,1052.064,82.353,3.319,14.209,2.11
100035,1043.335,82.971,3.398,13.507,2.16
100036,899.591,80.73,2.847,16.294,2.236
100037,793.816,74.287,3.491,22.127,2.717
100038,734.937,69.63,4.343,25.976,2.553
100039,806.672,63.27,5.545,31.17,3.691
100040,993.026,79.798,3.431,16.657,2.782
100041,1036.665,83.692,3.27,12.885,2.155
100042,907.153,80.316,3.69,15.868,2.929
100043,705.374,74.236,4.069,21.581,1.789
100044,719.13,66.945,5.019,27.994,2.569
100045,735.768,66.261,5.897,27.84,2.757
100046,1007.864,85.082,2.579,12.221,1.804
100047,993.321,80.864,4.304,14.71,2.446
100048,887.773,78.528,4.081,17.25,2.272
100049,686.772,75.47,3.579,20.827,1.486
100050,624.63,70.577,4.364,24.974,2.844
100051,708.576,70.368,5.113,24.45,2.582
100052,1106.895,82.8,5.134,11.943,2.072
100053,966.078,79.029,5.79,15.079,2.801
100054,882.121,77.775,5.334,16.775,2.408
100055,902.063,73.914,3.765,22.19,3.758
100056,600.328,74.919,3.009,22.019,1.942
100057,649.995,71.708,6.042,22.226,1.137
100058,991.358,81.922,4.937,12.979,2.089
100059,958.484,77.087,6.055,16.766,2.996
100060,877.395,77.787,5.936,16.208,2.013
100061,746.763,77.199,4.44,18.236,2.033
100062,592.32,72.313,4.296,23.284,1.367
100063,724.189,73.56,8.805,17.553,2.85
100064,1057.524,82.253,4.769,12.876,2.674
100065,1028.638,76.385,7.659,15.96,3.252
100066,878.059,79.041,7.261,13.712,2.163
100067,644.378,77.08,3.979,18.808,1.025
100068,739.143,70.811,4.202,24.86,1.49
100069,784.822,76.156,7.195,16.571,0.829
100070,963.795,84.058,2.789,13.008,1.788
100071,1057.268,83.016,4.85,12.035,1.937
100072,924.444,82.492,5.065,12.366,1.678
100073,779.76,78.571,5.941,15.424,1.732
100074,679.633,75.059,4.112,20.712,1.122
100075,825.141,70.722,6.433,22.856,0.251
100076,904.377,78.562,4.756,16.576,0.953
100077,925.591,82.113,3.727,14.069,0.985
100078,1071.444,84.102,3.164,12.589,1.121
100079,1099.058,84.976,4.181,10.718,1.159
100080,1014.586,86.104,3.202,10.595,1.801
100081,864.538,82.113,3.21,14.556,1.643
100082,753.029,75.066,3.75,21.067,1.958
100083,943.107,73.586,5.056,21.262,0.487
100084,946.308,73.908,6.078,19.987,0.095
100085,886.417,73.482,6.11,20.416,0.416
100086,921.36,75.05,4.748,20.153,0.501
100087,841.368,72.234,6.327,21.361,0.88
100088,878.908,69.295,9.434,21.232,1.268
100089,1000.133,83.397,3.136,13.394,0.275
100090,1124.203,83.127,4.745,12.038,0.514
100091,1154.875,85.043,4.116,10.743,0.591
100092,1060.314,86.337,2.683,10.892,0.449
100093,1034.409,85.943,2.265,11.691,1.195
100094,892.921,79.146,3.859,16.918,1.31
100095,790.293,73.082,5.251,21.564,1.454
100096,930.795,62.819,10.675,26.467,1.181
100097,970.302,70.494,8.478,21.023,0.975
100098,916.563,66.874,8.417,24.704,0.875
100099,885.738,72.282,7.029,20.587,0.306
100100,993.647,79.553,5.11,15.238,1.204
100101,1005.689,80.353,4.481,15.078,0.833
100102,1008.272,76.437,7.413,16.099,0.436
100103,1015.224,76.204,7.578,16.183,0.862
100104,1018.771,75.973,7.288,16.676,1.409
100105,1006.366,74.317,8.118,17.513,0.785
100106,1019.456,80.355,6.222,13.4,0.535
100107,1176.124,83.338,5.934,10.666,0.92
100108,1082.081,82.582,5.441,11.825,0.545
100109,1017.627,81.768,3.83,14.369,0.341
100110,1021.094,84.548,2.45,12.903,0.445
100111,971.244,77.589,4.922,17.43,1.421
100112,1042.702,62.338,11.459,26.223,0.604
100113,1045.898,63.972,11.292,24.749,0.872
100114,1058.585,69.733,9.19,21.103,1.57
100115,1011.447,71.571,8.166,20.305,2.025
100116,1056.431,66.26,11.068,22.677,1.333
100117,1091.43,72.579,10.544,16.859,1.56
100118,1131.392,74.775,10.892,14.319,1.9
100119,1117.713,72.101,12.09,15.787,1.888
100120,1137.37,73.901,10.842,15.244,2.018
100121,1113.368,75.843,10.199,13.967,1.906
100122,1107.673,78.023,10.1,11.883,1.786
100123,1091.921,77.699,10.048,12.224,1.432
100124,1085.073,80.895,7.275,11.806,1.03
100125,1027.134,80.155,6.043,13.706,0.281
100126,987.031,75.34,8.906,15.701,0.172
100127,1015.737,79.591,5.775,14.549,0.47
100128,910.488,73.434,7.072,19.398,0.292
100129,1289.91,75.921,10.736,13.309,2.135
100130,1277.863,76.889,9.881,13.192,2.239
100131,1269.076,79.038,8.784,12.185,2.03
100132,1238.668,80.844,7.706,11.385,2.032
100133,1224.285,79.573,8.795,11.541,1.707
100134,1164.121,78.865,8.961,12.089,1.101
100135,1067.371,79.987,7.437,12.578,0.308
100136,1022.644,74.681,10.413,14.909,0.257
100137,1040.867,77.505,8.076,14.347,0.241
100138,957.181,70.919,9.588,19.425,0.259
100139,1291.883,73.33,12.525,14.062,2.55
100140,1295.352,76.06,10.898,12.909,2.292
100141,1297.323,77.114,9.979,12.781,2.182
100142,1301.386,80.556,7.874,11.529,2.502
100143,1304.486,82.163,6.902,10.788,2.025
100144,1221.835,79.672,7.784,12.408,1.531
100145,1182.923,81.148,7.623,11.14,0.56
100146,1181.375,81.07,7.951,11.041,0.657
100147,1098.06,76.295,9.675,14.039,0.199
100148,1018.702,71.183,10.602,18.214,0.057
100149,836.583,63.948,13.182,22.873,0.401
100150,1280.226,65.926,15.639,18.396,2.868
100151,1298.839,72.425,12.795,14.696,1.957
100152,1307.671,72.182,12.507,15.234,1.887
100153,1317.299,75.907,10.276,13.723,2.455
100154,1318.777,79.066,8.418,12.357,2.281
100155,1279.842,79.397,8.312,12.195,2.026
100156,1248.309,80.455,7.475,12.046,1.17
100157,1230.174,80.635,7.858,11.519,0.777
100158,1166.118,77.115,9.759,13.098,0.432
100159,1074.784,68.4,13.257,18.321,0.082
100160,999.21,62.102,15.347,22.536,0.234
100161,1254.433,61.115,17.615,21.26,3.743
100162,1293.456,70.928,13.451,15.578,2.376
100163,1329.504,72.789,12.317,14.835,1.809
100164,1344.928,69.646,13.611,16.7,1.902
100165,1313.537,74.38,10.816,14.727,1.887
100166,1256.773,70.699,13.167,16.088,1.37
100167,1208.826,71.495,12.657,15.817,1.056
100168,1221.112,71.835,12.829,15.328,0.841
100169,1187.696,71.035,13.054,15.908,0.549
100170,1128.988,72.093,11.716,16.155,0.204
100171,1047.082,58.343,17.377,24.255,0.141
100172,894.567,48.593,22.109,29.294,1.687
100173,1260.628,60.823,15.912,23.266,2.644
100174,1275.796,65.492,14.505,19.983,3.264
100175,1290.636,69.206,13.16,17.61,1.866
100176,1346.91,66.722,15.421,17.833,1.622
100177,1334.266,66.683,15.407,17.875,1.714
100178,1281.454,74.716,10.758,14.473,1.678
100179,1226.863,70.761,12.591,16.605,1.031
100180,1209.439,73.863,11.01,15.089,1.102
100181,1227.799,73.246,11.168,15.58,0.835
100182,1188.265,70.426,12.83,16.693,0.445
100183,1138.616,63.794,15.901,20.269,0.074
100184,1017.758,53.387,21.139,25.463,0.367
100185,1297.422,58.955,17.013,24.029,3.073
100186,1291.849,61.835,15.506,22.664,3.166
100187,1288.798,65.559,14.32,20.111,2.513
100188,1318.004,67.675,14.058,18.264,1.58
100189,1289.545,60.566,17.372,22.038,1.833
100190,1302.797,69.405,13.014,17.555,1.483
100191,1253.951,68.051,13.738,18.181,0.896
100192,1206,70.314,12.134,17.538,0.764
100193,1227.321,74.051,10.761,15.184,0.787
100194,1211.989,69.21,13.799,16.96,0.722
100195,1156.741,64.714,16.787,18.476,0.159
100196,1100.758,57.602,20.112,22.282,0.175
100197,947.214,47.879,25.277,26.841,0.617
100198,922.639,48.705,22.891,28.407,0.741
100199,1287.271,54.452,16.929,28.609,3.87
100200,1286.237,55.885,16.646,27.451,4.646
100201,1304.293,57.658,16.432,25.885,2.953
100202,1305.468,59.893,15.776,24.317,2.425
100203,1285.407,60.137,16.571,23.279,2.785
100204,1263.306,57.666,17.521,24.802,2.361
100205,1270.595,66.503,13.925,19.556,1.268
100206,1253.734,66.417,13.758,19.812,0.641
100207,1242.557,63.447,15.314,21.218,0.587
100208,1197.932,66.846,14.351,18.789,0.472
100209,1163.744,60.809,18.222,20.97,0.186
100210,1148.571,60.07,18.292,21.635,0.088
100211,1133.89,57.303,19.44,23.25,0.05
100212,1086.705,54.172,20.62,25.212,0.038
100213,1032.22,51.767,21.347,26.881,0.357
100214,1272.631,50.651,17.623,31.707,3.299
100215,1292.759,53.677,17.091,29.212,3.042
100216,1317.953,56.133,17.054,26.785,3.223
100217,1295.259,53.321,17.713,28.951,2.806
100218,1291.985,54.125,17.763,28.101,2.491
100219,1277.554,58.371,16.205,25.4,2.901
100220,1251.274,62.651,15.004,22.315,2.359
100221,1273.76,68.474,12.661,18.858,1.492
100222,1263.571,65.811,13.761,20.418,1.121
100223,1202.04,58.017,18.644,23.342,1.103
100224,1200.602,65.125,15.187,19.684,0.762
100225,1181.535,58.892,18.068,23.045,0.295
100226,1189.002,58.713,17.946,23.333,0.142
100227,1140.109,57.051,18.86,24.095,0.123
100228,1072.233,54.006,20.444,25.557,0.06
100229,979.659,54.627,18.289,27.073,0.347
100230,1273.584,47.487,16.849,35.605,3.804
100231,1271.086,51.673,17.714,30.597,3.625
100232,1276.182,54.074,18.388,27.527,3.445
100233,1283.14,53.659,17.924,28.4,2.96
100234,1297.821,52.822,18.002,29.157,2.218
100235,1269.304,52.387,18.318,29.282,3.292
100236,1263.52,56.223,16.857,26.903,3.531
100237,1262.839,61.563,15.164,23.251,2.947
100238,1264.235,59.716,17.204,23.08,2.994
100239,1230.183,66.993,12.918,20.094,2.404
100240,1223.092,67.025,14.121,18.849,1.258
100241,1201.324,61.051,17.113,21.835,0.708
100242,1217.539,59.325,17.711,22.955,0.535
100243,1163.556,51.839,21.121,27.039,0.333
100244,1127.442,51.974,21.598,26.442,0.039
100245,1120.993,57.372,17.097,25.525,0.027
100246,993.094,53.965,17.09,28.945,0.272
100247,1270.277,42.159,16.456,41.35,4.365
100248,1265.828,45.094,17.033,37.829,4.282
100249,1246.844,47.783,18.491,33.7,4.628
100250,1234.249,52.096,19.313,28.594,4.522
100251,1261.193,53.466,18.578,27.949,3.897
100252,1286.455,54.099,17.224,28.65,2.979
100253,1275.604,50.761,18.133,31.097,3.485
100254,1272.215,52.168,18.146,29.683,2.936
100255,1232.873,48.615,19.752,31.625,3.251
100256,1245.279,52.093,17.568,30.329,3.53
100257,1246.657,65.433,12.168,22.381,2.813
100258,1235.891,66.925,11.71,21.372,2.544
100259,1201.209,62.132,15.182,22.699,1.945
100260,1156.479,51.588,22.865,25.542,0.93
100261,1216.415,60.196,16.21,23.591,0.423
100262,1193.32,57.132,17.066,25.808,0.04
100263,1176.6,58.473,16.466,25.065,0.009
100264,1085.6,56.84,17.456,25.694,0.044
100265,994.578,56.808,16.613,26.57,0.092
100266,1279.886,37.265,18.856,43.856,4.347
100267,1264.697,40.032,18.921,41.03,4.312
100268,1237.579,45.992,18.74,35.245,4.549
100269,1244.963,47.837,20.504,31.645,4.825
100270,1255.133,50.194,20.216,29.595,4.913
100271,1271.827,50.836,19.112,30.053,3.793
100272,1282.156,52.532,18.622,28.843,2.952
100273,1267.962,49.946,19.815,30.232,3.3
100274,1259.107,49.032,19.553,31.399,3.184
100275,1272.798,53.397,17.078,29.511,2.947
100276,1277.547,53.974,16.563,29.448,3.01
100277,1235.669,55.111,16.728,28.153,3.006
100278,1235.582,58.526,16.321,25.154,2.723
100279,1195.582,57.953,16.628,25.413,1.804
100280,1209.406,61.839,15.021,23.14,0.587
100281,1218.028,58.844,16.522,24.626,0.106
100282,1174.558,53.471,19.168,27.375,0.059
100283,1192.199,60.723,14.15,25.131,0.039
100284,1165.032,62.981,12.269,24.766,0.005
100285,1030.306,56.832,15.116,28.048,0.067
100286,992.862,57.397,14.52,28.077,0.209
100287,1276.427,34.861,19.425,45.675,5.2
100288,1285.89,34.403,20.277,45.304,3.653
100289,1246.037,40.725,18.476,40.79,6.227
100290,1244.787,44.403,19.622,35.956,6.416
100291,1255.919,44.736,21.533,33.723,6.35
100292,1267.864,46.935,20.782,32.285,5.459
100293,1283.455,48.166,20.96,30.875,3.883
100294,1271.723,49.054,20.642,30.299,3.627
100295,1284.364,50.658,19.262,30.082,2.801
100296,1272.526,50.066,19.309,30.615,3
100297,1248.219,53.31,16.785,29.886,3.019
100298,1239.906,52.162,16.737,31.085,3.502
100299,1239.562,54.219,15.253,30.512,3.793
100300,1213.423,61.459,12.918,25.611,3
100301,1195.297,67.348,11.586,21.072,2.134
100302,1205.223,63.881,12.865,23.268,0.884
100303,1168.857,53.429,17.623,28.944,0.44
100304,1192.418,58.412,14.363,27.238,0.182
100305,1171.067,58.003,13.924,28.093,0.024
100306,1098.483,54.849,15.031,30.142,0.1
100307,1084.783,56.144,14.745,29.112,0.061
100308,1018.85,52.6,17.803,29.606,0.281
100309,1265.897,35.133,19.667,45.177,6.511
100310,1272.955,33.492,20.197,46.301,4.257
100311,1187.543,40.987,19.086,39.914,8.113
100312,1057.302,47.036,18.706,34.255,11.55
100313,1094.988,47.793,19.845,32.364,9.819
100314,1149.143,47.588,20.529,31.893,8.263
100315,1215.707,45.167,22.841,31.99,6.75
100316,1242.611,46.823,22.344,30.825,5.199
100317,1262.758,50.754,20.523,28.736,3.558
100318,1260.009,49.99,20.154,29.853,3.102
100319,1252.434,49.442,19.761,30.785,3.353
100320,1261.065,52.553,16.324,31.098,3.374
100321,1255.853,50.563,15.847,33.561,3.374
100322,1253.991,53.725,14.449,31.805,3.487
100323,1199.273,63.017,11.651,25.319,3.037
100324,1173.685,59.044,13.747,27.207,1.723
100325,1213.312,63.179,11.536,25.311,1.187
100326,1209.862,60.628,12.067,27.336,0.633
100327,1174.224,57.815,14.267,27.921,0.194
100328,1131.976,55.603,14.239,30.165,0.098
100329,1140.684,53.018,14.156,32.817,0.086
100330,1028.548,49.933,17.712,32.371,0.216
100331,1033.423,52.13,16.735,31.154,0.201
100332,1285.42,33.9,20.032,46.055,5.189
100333,1292.034,30.076,20.34,49.599,3.034
100334,1054.795,42.252,19.827,37.946,11.254
100335,1139.457,45.652,18.848,35.476,8.903
100336,1093.661,47.244,19.352,33.369,9.891
100337,976.208,51.096,19.361,29.544,11.443
100338,989.263,50.54,20.204,29.282,10.848
100339,1130.249,46.707,22.15,31.125,9.611
100340,1227.343,48.888,22.616,28.481,5.611
100341,1249.862,50.902,21.786,27.322,3.331
100342,1256.22,46.978,22.422,30.589,3.476
100343,1280.413,48.054,19.061,32.868,3.23
100344,1277.412,47.932,17.984,34.072,2.757
100345,1275.173,47.651,16.488,35.833,2.641
100346,1252.034,48.703,14.47,36.787,2.461
100347,1213.38,53.569,13.923,32.486,2.978
100348,1171.468,63.98,10.205,25.871,2.599
100349,1188.38,61.524,10.999,27.514,1.95
100350,1180.149,58.757,13.253,27.989,0.782
100351,1176.679,58.463,12.338,29.164,0.599
100352,1185.784,51.613,14.7,33.65,0.648
100353,1158.919,49.617,16.483,33.879,0.289
100354,1077.391,48.447,16.336,35.178,0.346
100355,1000.628,48.68,17.595,33.725,0.535
100356,960.023,49.28,16.416,34.297,0.253
100357,983.385,46.767,18.132,35.108,12.607
100358,984.053,49.972,18.071,31.955,11.781
100359,914.372,52.741,17.98,29.249,12.013
100360,934.311,52.463,18.424,29.108,11.563
100361,1068.61,49.626,19.581,30.822,11.825
100362,1209.295,46.572,23.457,29.956,5.494
100363,1261.889,47.694,23.228,29.056,3.41
100364,1278.057,45.427,21.882,32.687,3.805
100365,1264.554,45.654,21.296,33.034,3.211
100366,1269.908,46.016,19.081,34.897,2.922
100367,1267.403,45.425,15.872,38.684,2.795
100368,1221.883,43.697,14.789,41.48,3.66
100369,1174.147,56.322,11.693,31.975,3.227
100370,1161.117,58.965,11.703,29.334,3.185
100371,1181.185,58.705,12.468,28.83,1.692
100372,1197.682,60.452,11.929,27.556,1.622
100373,1183.213,55.231,13.06,31.686,1.607
100374,1158.328,51.658,14.059,34.271,0.96
100375,1109.474,47.563,15.709,36.686,0.259
100376,1072.042,46.345,15.926,37.682,0.29
100377,1014.805,47.129,17.442,35.411,0.426
100378,940.441,48.048,17.564,34.399,14.218
100379,907.356,49.113,17.654,33.203,12.956
100380,1012.731,48.523,18.774,32.682,11.597
100381,1045.645,49.823,19.19,30.978,10.117
100382,1121.254,47.885,20.709,31.415,10.252
100383,1186.923,47.48,20.779,31.733,9.23
100384,1283.953,46.642,22.455,30.903,4.169
100385,1264.625,44.672,22.17,33.147,3.739
100386,1277.335,44.819,22.332,32.839,2.697
100387,1277.342,43.355,19.136,37.504,3.422
100388,1222.344,40.351,17.368,42.261,5.396
100389,1241.654,40,15.192,44.786,3.417
100390,1223.099,45.584,13.703,40.681,2.934
100391,1226.148,54.629,12.934,32.383,2.437
100392,1226.454,58.192,12.448,29.301,1.679
100393,1181.556,57.278,12.432,30.276,1.22
100394,1155.06,55.369,11.857,32.795,0.49
100395,1136.461,54.503,13.198,32.31,0.052
100396,1108.07,50.269,13.986,35.741,0.192
100397,1077.554,46.057,15.893,38.02,0.281
100398,956.974,44.486,18.291,37.223,0.529
100399,919.964,45.783,17.972,36.232,0.766
100400,1043.425,44.392,18.919,36.686,12.416
100401,945.93,49.061,18.064,32.845,11.357
100402,980.419,49.603,18.968,31.418,11.495
100403,1152.748,46.548,21.082,32.363,8.429
100404,1253.409,46.282,21.738,31.972,6.293
100405,1272.99,46.69,21.55,31.761,4.31
100406,1273.768,44.678,22.375,32.948,3.008
100407,1275.338,43.892,20.313,35.792,3.212
100408,1260.115,41.375,19.432,39.189,4.12
100409,1254.181,38.382,18.651,42.964,3.5
100410,1240.713,42.39,17.095,40.51,4.408
100411,1221.165,49.135,15.722,35.113,2.979
100412,1218.647,53.147,14.464,32.35,2.736
100413,1200.035,54.592,12.47,32.907,2.257
100414,1178.964,57.451,11.999,30.577,0.853
100415,1155.348,57.996,11.727,30.28,0.14
100416,1104.413,53.347,14.211,32.464,0.284
100417,1085.147,47.253,16.067,36.675,0.271
100418,1007.468,42.275,17.473,40.249,0.718
100419,876.186,49.609,17.101,33.278,1.805
100420,865.79,48.267,17.297,34.438,12.231
100421,929.869,48.808,17.793,33.399,13.708
100422,1127.046,47.1,19.457,33.408,12.015
100423,1228.536,46.077,19.841,34.059,8.089
100424,1282.057,45.07,20.511,34.408,4.679
100425,1271.414,45.552,20.18,34.253,4.222
100426,1259.74,43.793,19.391,36.799,4.365
100427,1278.393,41.055,18.946,39.992,2.955
100428,1275.192,39.331,19.248,41.415,3.373
100429,1248.909,43.795,16.623,39.552,3.787
100430,1217.388,47.484,14.537,37.945,3.452
100431,1198.232,50.73,13.351,35.869,3.196
100432,1181.2,57.145,11.819,31.041,1.142
100433,1172.494,56.787,12.123,31.105,0.301
100434,1136.61,52.71,12.763,34.552,0.588
100435,1130.834,51.263,13.259,35.472,0.516
100436,1060.94,46.883,14.844,38.221,0.695
100437,880.483,47.222,17.293,35.486,13.468
100438,939.24,47.971,18.053,33.959,12.005
100439,1099.744,45.841,19.26,34.876,10.3
100440,1250.381,44.443,19.598,35.948,6.419
100441,1246.471,45.503,18.343,36.111,7.188
100442,1274.518,43.657,18.381,37.939,4.898
100443,1265.461,43.099,18.51,38.377,4.128
100444,1254.843,41.512,18.403,40.071,3.486
100445,1258.176,38.842,17.844,43.294,3.796
100446,1236.715,44.129,16.051,39.78,3.473
100447,1210.111,46.377,14.422,39.163,4.114
100448,1198.933,54.487,12.628,32.873,2.693
100449,1184.07,54.739,11.851,33.392,0.628
100450,1161.93,52.022,13.039,34.935,0.481
100451,1103.752,51.301,13.903,34.788,0.608
100452,1069.802,45.923,15.667,38.388,0.593
100453,918.251,48.41,15.163,36.405,1.031
100454,1169.27,33.461,20.642,45.865,11.601
100455,1098.155,35.47,20.854,43.647,13.735
100456,1125.166,31.939,22.449,45.587,9.949
100457,1109.19,28.854,25.101,46.067,9.434
100458,992.994,32.695,22.949,44.354,10.999
100459,918.518,41.618,19.03,39.328,11.716
100460,956.143,42.825,19.535,37.617,9.528
100461,1019.798,42.887,19.507,37.591,9.205
100462,1094.026,43.749,18.576,37.648,11.707
100463,1215.337,42.914,18.527,38.528,7.579
100464,1246.263,41.264,18.315,40.402,5.519
100465,1240.247,41.326,18.024,40.627,4.075
100466,1237.544,42.297,17.318,40.351,3.173
100467,1237.959,42.184,17.471,40.323,3.555
100468,1216.423,44.568,15.952,39.449,3.701
100469,1184.356,50.504,13.688,35.773,3.81
100470,1150.991,53.394,12.809,33.772,1.413
100471,1140.612,53.5,12.292,34.208,0.696
100472,966.752,39.301,18.793,41.89,16.753
100473,1007.954,37.974,18.991,43.025,15.64
100474,1015.585,35.021,21.164,43.814,13.344
100475,991.836,34.522,21.616,43.856,12.444
100476,957.962,34.355,21.811,43.821,11.75
100477,1005.873,33.77,21.561,44.646,10.135
100478,991.17,37.678,20.447,41.846,9.259
100479,982.929,42.435,19.011,38.55,11.319
100480,1189.822,40.449,19.632,39.931,8.896
100481,1221.785,40.555,19.293,40.132,6.958
100482,1228.395,41.365,19.221,39.403,5.065
100483,1228.36,41.552,18.405,40.014,4.066
100484,1210.681,41.353,17.34,41.275,4.325
100485,1212.306,43.68,16.132,40.159,4.443
100486,1185.089,46.851,14.472,38.623,4.314
100487,1146.066,52.34,13.075,34.555,2.258
100488,1104.48,52.905,12.307,34.801,1.698
100489,1120.644,56.559,11.932,31.528,0.926
100490,1045.757,37.387,18.369,44.2,16.78
100491,1009.683,37.69,18.366,43.916,21.923
100492,956.54,37.142,18.692,44.116,19.689
100493,929.685,36.903,19.346,43.738,15.493
100494,922.266,36.919,19.425,43.635,13.952
100495,988.77,33.334,21.19,45.438,11.589
100496,993.623,36.777,20.367,42.839,13.767
100497,1116.474,39.81,20.26,39.93,12.021
100498,1217.493,38.468,21.162,40.373,6.959
100499,1217.093,39.055,20.793,40.154,6.318
100500,1219.639,39.267,19.933,40.796,5.424
100501,1215.457,39.785,18.25,41.933,4.951
100502,1211.565,41.269,16.496,42.203,4.568
100503,1193.56,46.107,14.767,39.086,4.19
100504,1166.633,50.966,14.192,34.84,2.669
100505,1126.266,50.845,13.418,35.743,1.968
100506,1103.806,51.387,13.417,35.181,1.582
100507,968.017,60.941,10.896,28.13,1.714
100508,1079.649,37.488,17.877,44.625,26.652
100509,1023.633,35.283,18.515,46.178,23.672
100510,901.825,38.164,17.976,43.849,17.93
100511,933.402,35.058,19.338,45.57,13.107
100512,972.078,32.614,20.461,46.895,11.665
100513,905.521,36.966,19.295,43.716,15.957
100514,1030.608,34.885,21.629,43.491,12.703
100515,1031.962,40.29,19.681,40.053,15.274
100516,1152.833,39.928,19.791,40.286,10.18
100517,1167.733,38.842,19.852,41.302,7.325
100518,1184.84,39.062,17.846,43.066,5.844
100519,1195.32,40.586,16.613,42.764,4.542
100520,1194.982,43.585,16.091,40.282,4.155
100521,1164.566,50.196,14.351,35.439,2.724
100522,1144.185,48.55,13.89,37.526,2.495
100523,1101.247,50.315,12.466,37.211,2.04
100524,1096.022,36.118,18.247,45.625,24.67
100525,1006.702,37.586,18.255,44.183,26.487
100526,911.452,38.516,18.172,43.295,18.883
100527,887.594,36.202,19.23,44.555,15.759
100528,929.247,33.145,20.476,46.368,13.473
100529,883.779,35.618,18.864,45.494,15.599
100530,918.213,37.594,19.202,43.192,15.257
100531,983.086,35.851,20.695,43.454,13.091
100532,972.912,39.781,19.301,40.952,16.144
100533,1090.589,39.766,19.465,40.769,13.674
100534,1171.983,38.404,19.041,42.551,6.212
100535,1163.121,40.571,16.996,42.397,5.509
100536,1181.311,42.233,15.976,41.745,4.146
100537,1139.871,46.743,14.034,39.168,3.73
100538,1153.208,47.104,13.117,39.718,3.268
100539,1115.112,50.353,12.06,37.559,2.327
100540,1058.713,53.784,11.553,34.658,2.077
100541,974.297,64.678,9.745,25.494,1.191
100542,1165.473,32.653,18.252,49.115,13.746
100543,1156.677,33.616,18.234,48.153,16.696
100544,1095.17,34.672,18.499,46.838,22.491
100545,996.433,34.936,18.83,46.259,23.59
100546,870.133,35.128,18.914,45.964,14.997
100547,784.659,36.966,19.041,43.98,19.118
100548,787.396,36.404,19.42,44.144,16.852
100549,818.983,37.331,18.452,44.201,16.378
100550,886.413,38.86,18.429,42.699,13.772
100551,1063.226,31.709,22.37,45.865,9.932
100552,1100.663,35.566,20.959,43.462,12.63
100553,1155.778,38.172,20.213,41.618,7.882
100554,1149.463,38.285,17.574,44.102,6.274
100555,1147.19,40.148,16.284,43.506,5.071
100556,1133.012,45.518,14.644,39.785,4.274
100557,1147.955,43.839,14.59,41.504,3.145
100558,1132.968,46.349,13.134,40.469,2.516
100559,1082.334,63.146,8.418,28.396,0.628
100560,1043.718,65.048,8.867,26.03,1.726
100561,1172.496,30.504,18.765,50.782,9.81
100562,1161.569,29.91,19.135,51.019,11.021
100563,1148.296,32.327,19.338,48.355,12.931
100564,1082.326,32.346,19.073,48.619,17.407
100565,959.886,31.967,19.879,48.205,17.717
100566,844.455,35.051,19.902,45.041,18.375
100567,715.903,39.236,18.51,42.25,19.94
100568,755.78,37.155,19.205,43.608,17.551
100569,814.796,37.774,18.824,43.388,17.006
100570,924.887,36.922,19.201,43.837,13.903
100571,1136.035,31.312,22.288,46.351,10.018
100572,1011.971,38.387,19.466,42.134,16.074
100573,1174.993,35.881,18.651,45.427,6.295
100574,1147.109,38.849,16.89,44.208,5.436
100575,1136.828,42.145,16.526,41.294,5.104
100576,1121.193,43.391,14.533,42.036,3.149
100577,1119.596,46.748,12.578,40.627,2.698
100578,985.895,46.975,11.495,41.5,1.097
100579,1106.074,68.932,6.844,24.152,0.78
100580,1062.729,67.517,7.745,24.654,1.321
100581,1167.939,28.217,20.154,51.641,8.569
100582,1148.72,26.978,21.161,51.903,9
100583,1122.879,28.736,20.327,50.961,11.653
100584,1048.854,29.655,20.089,50.276,14.926
100585,955.624,30.207,20.701,49.14,17.209
100586,803.446,36.207,19.586,44.213,20.126
100587,731.24,37.212,19.105,43.655,19.174
100588,720.66,37.134,18.975,43.873,19.243
100589,866.993,38.949,17.968,43.056,16.928
100590,1043.308,33.137,21.03,45.8,11.461
100591,1004.68,35.442,19.775,44.767,15.089
100592,1095.469,36.617,18.958,44.398,11.014
100593,1155.851,36.608,18.777,44.605,5.663
100594,1119.353,42.124,16.996,40.838,6.041
100595,1119.307,44.676,15.048,40.249,4.185
100596,1124.474,48.621,13.489,37.858,3.822
100597,1132.468,53.59,9.549,36.817,0.792
100598,1107.74,69.338,6.229,24.28,1.001
100599,1065.537,67.333,7.857,24.703,1.692
100600,1131.401,26.614,21.929,51.446,8.18
100601,1075.047,27.512,20.909,51.569,9.576
100602,1051.094,28.294,20.777,50.931,12.523
100603,1004.427,28.31,20.617,51.051,14.066
100604,963.436,29.588,21.443,48.999,11.985
100605,858.993,33.695,20.693,45.588,16.497
100606,737.975,36.34,19.667,43.968,19.51
100607,932.536,36.534,18.937,44.494,15.926
100608,946.869,37.724,18.118,44.133,15.37
100609,1041.097,33.69,20.272,45.991,12.432
100610,1074.511,32.332,20.082,47.612,10.867
100611,1131.59,33.156,19.572,47.251,7.699
100612,1114.464,39.405,17.977,42.613,5.358
100613,1109.834,41.907,16.497,41.556,4.745
100614,1089.918,47.091,14.589,38.265,3.61
100615,1143.688,45.715,10.887,43.346,1.138
100616,1114.089,59.381,8.157,32.386,1.231
100617,1068.433,27.269,20.855,51.86,9.479
100618,1050.029,25.982,21.071,52.882,10.814
100619,1005.584,25.327,21.646,52.952,13.203
100620,1045.402,25.996,21.732,52.24,11.073
100621,941.223,30.484,21.392,48.137,15.43
100622,764.625,35.499,19.61,44.873,17.49
100623,876.204,36.112,19.262,44.609,16.149
100624,981.479,34.326,18.643,47.02,13.328
100625,1004.921,34.289,18.344,47.322,12.287
100626,1157.877,26.178,22.633,51.207,5.991
100627,1127.526,29.904,20.607,49.509,7.734
100628,1135.581,32.253,19.347,48.415,6.217
100629,1115.017,37.379,17.293,45.323,6.344
100630,1088.81,42.999,15.712,41.255,4.736
100631,1137.941,38.923,13.086,47.938,2.155
100632,1103.884,45.963,10.946,43.018,1.487
100633,940.922,70.024,6.401,23.574,3.151
100634,1047.63,26.429,20.47,53.086,10.724
100635,972.614,25.256,21.864,52.82,14.136
100636,1012.252,25.36,21.612,53.004,10.546
100637,946.66,28.918,21.563,49.514,13.754
100638,823.811,33.878,20.341,45.78,16.715
100639,820.022,37.025,18.754,44.201,17.132
100640,986.453,33.558,19.3,47.142,12.973
100641,984.836,34.579,18.204,47.2,12.942
100642,1074.385,31.567,19.766,48.655,9.913
100643,1158.347,26.567,21.727,51.729,5.77
100644,1114.254,29.722,20.357,49.919,8.397
100645,1124.473,31.166,18.516,50.308,6.349
100646,1049.279,35.609,17.516,46.917,7.11
100647,1073.169,37.602,16.23,46.168,5.468
100648,1055.024,39.354,14.759,45.888,4.711
100649,1084.306,39.675,13.582,46.701,2.563
100650,1068.225,52.318,10.317,37.324,2.118
100651,980.238,69.07,6.13,24.757,2.994
100652,922.323,73.203,6.157,20.596,3.43
100653,1009.843,23.685,21.589,54.705,11.667
100654,1031.996,23.66,21.865,54.448,11.251
100655,1056.416,25.702,21.902,52.378,9.186
100656,841.771,33.884,20.371,45.763,17.037
100657,802.262,35.98,19.027,44.987,16.619
100658,885.915,36.009,19.27,44.715,16.56
100659,953.618,34.956,18.649,46.386,13.522
100660,1028.965,33.979,18.549,47.465,11.596
100661,1219.486,25.582,21.738,52.693,5.828
100662,1060.14,33.318,18.457,48.246,10.442
100663,1171.509,29.442,18.713,51.807,5.808
100664,1132.605,32.276,18.632,49.144,7.901
100665,1108.27,33.994,17.247,48.803,7.411
100666,1107.018,34.172,16.961,48.935,5.875
100667,1039.351,41.082,15.408,43.508,5.355
100668,1092.081,55.058,11.725,33.208,3.141
100669,988.86,66.082,8.623,25.207,2.723
100670,838.855,72.845,6.305,20.711,4.906
100671,898.403,70.444,6.642,22.819,5.07
100672,1054.517,23.561,21.756,54.662,10.004
100673,1073.91,22.336,21.926,55.716,8.814
100674,1108.907,24.199,22.582,53.211,7.365
100675,998.084,28.511,21.997,49.507,11.861
100676,841.092,34.48,19.591,45.955,15.587
100677,860.595,35.839,18.862,45.298,15.042
100678,990.006,32.673,20.725,46.612,12.134
100679,940.185,35.878,18.387,45.737,12.858
100680,1027.705,33.485,19.777,46.761,11.997
100681,1069.473,32.181,19.125,48.723,9.625
100682,1128.44,29.752,18.848,51.435,6.776
100683,1139.777,30.662,18.791,50.576,6.442
100684,1187.322,27.121,19.757,53.127,5.35
100685,1123.736,32.14,18.081,49.793,7.018
100686,1024.843,35.647,16.488,47.912,6.659
100687,1027.925,39.676,16.143,44.153,6.291
100688,1024.316,55.446,13.166,31.368,3.574
100689,946.738,61.062,9.858,29.021,3.765
100690,919.675,67.523,8.202,24.24,3.602
100691,1095.047,23.805,22.587,53.619,6.934
100692,1114.251,26.387,22.917,50.707,8.462
100693,1096.004,25.387,22.703,51.918,7.679
100694,887.103,32.785,20.546,46.694,13.913
100695,837.872,35.591,18.912,45.5,14.559
100696,901.942,35.033,19.372,45.6,14.992
100697,908.381,35.307,19.319,45.377,13.245
100698,917.646,35.778,18.856,45.392,13.599
100699,1001.044,33.97,18.86,47.196,12.044
100700,1043.384,32.955,18.954,48.102,9.14
100701,1080.38,31.906,18.264,49.833,8.027
100702,1153.323,29.616,19.103,51.265,7.023
100703,1065.562,34.527,18.117,47.382,8.103
100704,1042.429,32.526,17.299,50.19,7.162
100705,1038.97,30.087,16.331,53.559,6.538
100706,1001.352,35.67,15,49.329,6.439
100707,957.027,47.205,12.354,40.434,4.016
100708,894.874,58.783,10.722,30.495,4.751
100709,1053.069,26.202,22.399,51.413,9.122
100710,1074.869,26.491,22.23,51.294,7.68
100711,1021.131,26.961,21.991,51.068,8.946
100712,971.369,28.206,21.813,50.002,10.253
100713,835.345,32.193,19.433,48.37,12.57
100714,829.034,37.541,17.615,44.835,15.017
100715,924.806,34.038,20.4,45.576,12.234
100716,906.953,34.717,19.683,45.604,11.829
100717,964.888,33.881,19.24,46.896,11.03
100718,1007.797,33.152,18.805,48.071,9.642
100719,942.381,36.307,17.519,46.181,12.357
100720,909.433,37.325,17.254,45.429,11.508
100721,1000.786,34.905,17.888,47.227,9.67
100722,1106.449,32.057,19.303,48.689,7.238
100723,1033.633,34.07,17.805,48.152,7.731
100724,1005.425,35.412,16.096,48.55,6.908
100725,933.53,40.067,14.402,45.56,5.839
100726,973.787,52.102,12.809,35.069,6.562
100727,1034.92,59.974,10.421,29.589,5.507
100728,1047.649,28.5,21.163,50.35,8.062
100729,1017.536,27.083,21.585,51.331,8.121
100730,970.009,29.338,20.982,49.709,10.645
100731,968.099,28.364,21.005,50.643,9.86
100732,849.87,32.322,19.271,48.407,12.314
100733,863.154,35.44,18.17,46.411,11.979
100734,832.394,40.967,16.78,42.235,13.851
100735,918.519,33.33,19.326,47.336,11.605
100736,822.094,39.853,16.951,43.154,13.214
100737,1016.172,32.693,19.46,47.867,9.217
100738,989.027,35.814,18.342,45.891,9.617
100739,857.845,39.631,16.415,43.964,11.795
100740,799.755,41.585,15.623,42.763,12.196
100741,835.925,39.776,15.819,44.394,11.401
100742,945.899,37.355,16.552,46.155,9.658
100743,898.731,40.366,15.637,44.074,9.654
100744,887.325,42.487,14.45,43.12,8.643
100745,926.214,46.293,14.084,39.637,6.835
100746,929.023,51.619,11.78,36.603,7.305
100747,895.631,52.056,10.854,37.105,5.559
100748,947.446,56.435,10.079,33.478,3.878
100749,906.692,57.853,9.276,32.844,3.561
100750,1012.777,30.341,18.405,51.196,7.701
100751,924.591,31.012,18.141,50.817,10.643
100752,927.397,30.137,19.534,50.319,10.683
100753,889.572,30.835,19.592,49.578,10.227
100754,872.038,30.946,19.463,49.616,11.581
100755,756.382,39.756,16.444,43.748,15.184
100756,780.073,41.547,16.163,42.246,14.514
100757,777.222,42.987,15.525,41.442,15.095
100758,852.883,39.356,16.686,43.918,12.057
100759,903.31,39.061,16.701,44.227,10.714
100760,974.837,35.363,17.776,46.88,7.68
100761,910.934,37.255,16.518,46.251,9.642
100762,813.55,42.061,14.911,42.991,11.319
100763,717.74,46.238,13.32,40.347,12.952
100764,707.914,44.599,12.721,42.571,13.412
100765,778.286,43.214,13.097,43.678,12.194
100766,809.293,43.638,14.592,41.802,10.783
100767,839.663,45.815,13.198,40.976,9.803
100768,834.435,47.009,12.156,40.903,7.544
100769,788.412,49.233,10.442,40.356,7.436
100770,979.042,29.434,17.335,53.172,9.176
100771,861.167,31.244,17.142,51.589,14.045
100772,821.293,34.815,17.413,47.802,13.588
100773,823.728,38.05,16.676,45.253,12.184
100774,827.289,36.864,17.177,45.889,14.193
100775,789.408,37.981,16.817,45.157,17.577
100776,765.796,40.633,16.086,43.235,19.283
100777,766.419,41.882,15.807,42.255,17.241
100778,760.568,45.186,15.072,39.664,14.876
100779,812.542,41.551,15.356,43.027,14.967
100780,760.223,43.105,14.279,42.57,15.408
100781,807.319,43.046,14.244,42.631,15.217
100782,863.094,39.925,15.125,44.874,12.2
100783,849.744,40.462,16.055,43.453,11.312
100784,722.105,43.708,13.362,42.836,11.729
100785,721.069,47.728,11.292,40.903,11.936
100786,861.856,41.88,14.574,43.576,7.98
100787,915.069,41.943,15.091,43.001,7.601
100788,794.877,48.477,11.887,39.662,9.368
100789,772.286,48.5,11.296,40.235,8.67
100790,792.857,50.576,10.033,39.425,7.837
100791,805.483,50.724,9.891,39.418,6.552
100792,710.649,54.754,7.871,37.352,7.279
100793,744.572,52.276,8.152,39.556,6.989
100794,644.355,52.905,6.83,40.262,6.168
100795,946.673,30.42,17.306,52.206,8.317
100796,879.558,30.811,16.89,52.245,12.488
100797,819.976,34.011,16.856,49.146,14.942
100798,798.939,39.955,15.619,44.378,15.062
100799,809.99,36.655,16.649,46.624,16.245
100800,800.083,36.743,16.969,46.223,17.289
100801,816.675,36.83,16.698,46.403,20.171
100802,811.753,39.139,16.127,44.678,18.934
100803,854.394,39.845,16.719,43.42,16.3
100804,906.446,37.533,16.837,45.613,13.95
100805,893.096,37.995,16.443,45.535,13.19
100806,896.463,37.161,16.086,46.738,11.549
100807,880.836,36.647,16.323,47.009,11.022
100808,806.749,37.686,15.736,46.536,12.153
100809,801.201,39.514,15.005,45.45,11.467
100810,726.925,45.099,12.615,42.254,9.906
100811,707.818,47.762,11.366,40.819,10.106
100812,849.454,42.61,13.956,43.445,6.712
100813,864.755,43.455,13.561,43.016,6.586
100814,721.617,49.604,11.154,39.259,10.493
100815,737.861,52.058,9.969,37.99,8.657
100816,904.301,49.1,11.891,39.001,5.363
100817,717.731,53.76,8.706,37.515,7.483
100818,703.463,54.548,8.365,37.069,7.366
100819,651.656,57.614,6.721,35.572,7.814
100820,837.632,54.176,10.006,35.811,7.204
100821,644.918,64.483,5.504,29.968,5.514
100822,679.73,70.071,5.801,24.038,5.375
100823,942.896,35.449,17.457,47.057,5.773
100824,899.458,32.98,16.919,50.072,9.298
100825,860.044,32.455,17.08,50.467,12.85
100826,846.474,32.558,17.844,49.605,14.143
100827,767.801,37.024,16.713,46.247,19.325
100828,810.268,34.707,17.365,47.889,19.928
100829,827.719,34.058,17.488,48.457,20.371
100830,914.304,33.764,17.971,48.286,16.958
100831,970.707,32.641,18.301,49.072,15.002
100832,926.709,34.484,17.53,48,13.769
100833,936.471,34.917,17.677,47.41,12.254
100834,909.672,34.749,16.904,48.357,10.598
100835,829.279,36.375,16.145,47.462,12.604
100836,782.694,38.497,15.458,46.081,14.407
100837,757.278,40.442,14.798,44.773,15.723
100838,718.539,41.288,14.547,44.159,14.995
100839,673.38,45.572,12.854,41.553,16.311
100840,756.754,47.584,12.017,40.383,10.423
100841,831.345,44.406,12.371,43.244,6.569
100842,771.767,45.109,13.179,41.744,8.7
100843,630.767,54.273,8.735,37.019,10.075
100844,852.517,50.398,10.243,39.347,5.269
100845,702.233,54.37,8.701,36.953,8.079
100846,663.811,56.432,7.761,35.821,8.878
100847,660.068,56.985,7.273,35.708,8.36
100848,774.259,58.486,8.466,33.009,6.097
100849,702.554,65.207,5.678,29.065,5.116
100850,882.085,37.074,16.781,46.183,9.682
100851,863.476,34.707,17.305,48.004,11.375
100852,832.29,32.949,17.59,49.491,17.733
100853,838.697,32.401,17.321,50.305,20.099
100854,876.438,29.766,18.364,51.919,17.009
100855,895.382,31.936,18.124,49.973,17.314
100856,939.242,32.235,17.936,49.85,14.731
100857,893.223,35.46,17.364,47.156,14.329
100858,884.713,33.635,17.547,48.821,13.197
100859,885.159,32.927,17.212,49.899,13.154
100860,891.849,35.246,16.777,48.036,10.745
100861,822.268,36.785,15.389,47.859,12.314
100862,808.512,36.379,15.832,47.85,15.779
100863,796.96,36.139,15.998,47.911,18.54
100864,756.712,40.242,14.834,44.928,17.186
100865,716.423,45.261,12.853,41.823,14.384
100866,862.698,43.845,12.769,43.381,6.069
100867,740.808,45.629,12.534,41.849,8.656
100868,665.682,52.451,8.593,38.955,9.743
100869,813.361,51.511,9.526,38.984,7.375
100870,743.53,55.83,8.002,36.206,8.017
100871,685.627,56.43,8.366,35.234,8.574
100872,787.416,54.88,9.334,35.795,6.701
100873,811.297,56.254,9.804,33.934,5.682
100874,835.691,57.425,10.11,32.444,5.761
100875,924.342,39.082,17.506,43.442,6.692
100876,875.046,33.158,18.143,48.707,9.813
100877,872.695,33.81,16.559,49.657,13.735
100878,917.619,32.376,17.325,50.32,13.522
100879,936.844,31.342,17.651,51.004,15.406
100880,928.989,31.111,18.101,50.796,15.888
100881,940.04,35.307,17.387,47.297,11.447
100882,956.307,33.672,17.734,48.636,9.572
100883,923.861,31.007,18.04,50.983,11.64
100884,873.03,34.153,16.338,49.572,12.209
100885,830.519,36.655,14.927,48.45,12.292
100886,833.665,34.298,15.638,50.116,15.213
100887,821.79,35.298,15.781,48.974,16.524
100888,808.863,38.653,15.364,45.98,15.479
100889,810.543,41.562,14.142,44.227,11.71
100890,894.594,44.503,13.361,42.117,5.902
100891,760.146,43.909,12.403,43.712,9.652
100892,693.203,50.133,9.245,40.634,10.027
100893,745.894,52.585,8.427,38.99,9.157
100894,738.599,58.406,7.086,34.586,9.258
100895,699.15,58.21,7.169,34.626,9.261
100896,770.028,56.322,8.46,35.237,6.327
100897,839.796,56.874,10.036,33.077,5.109
100898,884.536,52.632,13.48,33.873,5.634
100899,931.023,39.384,18.525,42.134,4.695
100900,892.148,32.527,18.464,49.008,8.945
100901,963.49,34.298,16.966,48.755,9.853
100902,994.656,35.066,17.972,46.981,8.28
100903,928.546,31.357,19.089,49.593,13.478
100904,1045.088,37.701,17.563,44.733,6.437
100905,1035.053,36.764,17.733,45.547,5.15
100906,919.495,32.979,17.104,49.932,11.663
100907,853.376,33.455,16.314,50.272,14.284
100908,850.833,36.098,15.418,48.584,11.966
100909,833.622,36.531,15.014,48.557,13.564
100910,842.772,36.773,14.86,48.457,14.368
100911,928.477,35.872,16.727,47.39,9.746
100912,902.325,38.002,15.628,46.334,7.375
100913,973.266,45.224,14.951,39.808,4.364
100914,814.504,43.658,12.986,43.351,9.915
100915,707.398,49.176,9.936,40.915,13.567
100916,695.154,53.505,8.349,38.17,11.019
100917,753.794,57.79,7.013,35.21,10.031
100918,709.802,56.993,7.181,35.805,10.376
100919,762.464,60.064,7.108,32.812,6.658
100920,823.353,56.226,9.205,34.528,4.707
100921,807.041,54.76,11.26,33.96,5.007
100922,1005.761,45.027,19.511,35.488,1.644
100923,945.44,39.435,18.312,42.26,2.098
100924,996.048,39.513,18.122,42.368,2.617
100925,1024.767,39.977,18.099,41.928,2.388
100926,1006.303,36.786,18.78,44.451,3.292
100927,1018.186,38.496,17.83,43.667,2.92
100928,987.741,38.703,18.115,43.186,1.889
100929,972.083,35.072,18.354,46.611,5.183
100930,897.651,35.819,18.428,45.754,6.337
100931,915.977,34.781,18.085,47.181,5.876
100932,903.106,37.693,15.907,46.465,7.066
100933,913.669,38.168,15.528,46.374,7.599
100934,878.209,43.043,13.442,43.525,6.492
100935,863.608,43.339,14.064,42.599,5.93
100936,883.467,47.481,12.313,40.178,5.173
100937,944.704,39.588,14.727,45.724,6.869
100938,718.321,50.551,9.483,39.998,12.715
100939,689.66,54.953,8.363,36.717,12.298
100940,735.552,53.417,8.14,38.438,10.1
100941,715.32,56.519,7.267,36.189,10.641
100942,761.264,59.582,7.022,33.402,7.988
100943,776.186,58.671,7.864,33.45,5.546
100944,789.819,53.245,11.871,34.856,3.725
100945,1028.892,46.143,17.733,36.128,1.616
100946,1016.743,46.155,16.96,36.897,1.875
100947,1008.326,44.911,16.873,38.223,2.008
100948,1004.421,44.217,18.239,37.548,2.274
100949,949.4,43.951,16.543,39.513,2.959
100950,908.331,44.157,16.389,39.441,2.58
100951,877.122,44.43,17.413,38.147,2.383
100952,768.559,44.62,15.132,40.268,4.531
100953,814.715,43.293,15.167,41.568,4.634
100954,791.235,42.947,13.537,43.572,7.021
100955,758.22,52.457,8.073,39.545,9.867
100956,708.449,56.176,6.489,37.389,11.933
100957,719.263,54.526,7.957,37.544,12.487
100958,783.854,52.008,9.837,38.164,9.683
100959,973.807,39.655,16.431,43.945,6.292
100960,766.369,47.394,10.823,41.803,13.222
100961,700.031,56.008,7.172,36.831,11.828
100962,737.787,51.693,8.149,40.151,10.372
100963,720.959,56.45,7.299,36.214,11.458
100964,788.706,58.087,7.335,34.568,7.63
100965,766.826,57.421,7.514,35.093,7.27
100966,796.682,56.091,9.829,34.065,4.668
100967,767.553,55.657,10.169,34.161,6.276
100968,835.805,46.668,16.119,37.218,2.999
100969,753.085,43.919,13.95,42.168,5.891
100970,751.333,46.135,9.826,44.167,9.254
100971,792.544,50.628,9.82,39.57,8.677
100972,708.4,56.47,6.341,37.274,10.152
100973,711.935,57.467,6.555,36.067,11.455
100974,738.797,57.956,6.129,35.943,13.659
100975,767.675,53.352,9.57,37.096,12.308
100976,867.013,44.376,13.904,41.755,9.333
100977,829.24,44.667,11.641,43.701,10.36
100978,717.189,55.341,6.442,38.229,13.393
100979,766.355,51.858,8.459,39.686,10.35
100980,722.216,56.708,6.7,36.585,11.62
100981,755.658,53.723,8.264,38.005,9.934
100982,784.449,55.21,9.048,35.752,9.337
100983,761.013,56.908,8.193,34.892,8.679
100984,799.908,51.817,12.018,36.158,5.852
100985,828.586,39.687,16.205,44.119,4.668
100986,839.182,42.146,13.721,44.162,6.052
100987,773.714,50.586,9.824,39.612,7.691
100988,735.736,57.256,5.985,36.777,10.026
100989,730.334,58.809,6.068,35.171,10.368
100990,754.977,57.776,6.28,35.944,11.927
100991,766.056,53.871,9.232,36.875,12.29
100992,900.541,43.69,16.326,40.009,9.133
100993,858.179,44.987,13.246,41.789,9.221
100994,752.847,54.639,6.911,38.445,13.344
100995,779.242,53.274,7.805,38.931,10.666
100996,735.713,55.86,6.693,37.449,11.347
100997,777.527,55.039,8.097,36.88,11.309
100998,785.937,55.104,8.791,36.09,10.714
100999,758.057,56.523,8.225,35.259,9.269
101000,799.684,52.321,11.37,36.299,7.368
101001,830.091,49.311,13.661,37.024,6.537
101002,846.378,52.507,12.945,34.543,8.751
101003,983.189,33.332,27.749,38.929,1.401
101004,858.559,44.934,16.291,38.785,2.897
101005,782.089,51.299,9.618,39.103,7.909
101006,751.575,56.573,6.776,36.681,10.801
101007,746.837,57.818,5.804,36.408,11.37
101008,721.776,59.387,5.865,34.783,10.76
101009,725.181,57.446,7.93,34.607,12.958
101010,928.089,44.242,16.779,38.987,7.805
101011,884.193,44.463,14.992,40.587,7.291
101012,775.032,53.142,7.264,39.588,12.25
101013,769.999,54.032,7.431,38.561,10.876
101014,790.217,54.05,7.58,38.382,9.085
101015,727.119,58.556,7.057,34.406,13.276
101016,732.096,56.042,8.784,35.188,12.547
101017,765.998,54.873,9.097,36.008,9.977
101018,760.073,56.572,8.522,34.867,9.635
101019,825.202,50.389,12.15,37.469,7.107
101020,796.448,50.31,12.008,37.688,6.868
101021,787.761,53.437,10.794,35.752,8.416
101022,805.674,53.361,11.774,34.866,9.554
101023,939.378,38.685,23.985,37.329,2.075
101024,901.002,34.293,24.294,41.415,2.209
101025,842.074,45.04,15.929,39.059,4.752
101026,791.253,54.853,7.898,37.272,9.654
101027,770.667,57.642,5.783,36.579,10.388
101028,769.69,59.475,6.12,34.399,10.268
101029,789.458,56.918,8.308,34.763,12.373
101030,878.35,48.054,13.949,38.002,8.136
101031,905.306,44.548,14.047,41.453,5.9
101032,761.002,52.765,7.415,39.834,11.031
101033,768.322,52.691,7.597,39.727,9.203
101034,802.208,53.534,7.777,38.711,7.735
101035,761.658,56.964,6.455,36.615,9.935
101036,685.438,56.116,7.665,36.233,13.463
101037,741.791,54.546,8.288,37.171,11.848
101038,742.421,52.478,8.451,39.043,10.356
101039,766.38,50.221,9.889,39.874,9.302
101040,803.98,48.087,11.865,40.017,7.639
101041,766.718,49.707,10.439,39.845,8.682
101042,774.002,49.707,10.952,39.342,9.754
101043,816.759,55.618,10.851,33.522,10.618
101044,812.248,56.773,11.287,31.919,12.985
101045,920.767,35.892,26.179,37.928,2.323
101046,927.723,36.493,23.187,40.318,1.932
101047,843.108,49,13.14,37.862,6.842
101048,809.736,55.099,7.422,37.496,9.695
101049,744.99,58.705,5.453,35.878,10.889
101050,794.138,57.224,6.875,35.87,10.607
101051,942.41,48.773,14.19,37.026,5.253
101052,926.643,46.911,12.194,40.925,3.809
101053,775.526,51.797,7.949,40.295,9.056
101054,773.764,50.535,7.744,41.791,9.227
101055,772.831,52.816,7.713,39.512,9.782
101056,761.777,55.582,6.317,38.151,11.482
101057,728.847,55.441,6.724,37.861,11.813
101058,694.11,53.311,7.82,38.864,12.69
101059,757.873,52.435,8.191,39.36,10.777
101060,746.508,49.405,9.091,41.49,10.46
101061,790.255,47.958,10.598,41.417,10.102
101062,816.665,46.441,11.114,42.382,8.477
101063,774.004,47.464,10.195,42.295,9.557
101064,781.793,51.501,10.446,38.048,9.58
101065,792.383,53.692,10.409,35.895,9.481
101066,793.331,53.701,10.476,35.805,9.486
101067,814.266,53.031,11.388,35.581,9.161
101068,916.145,43.51,21.142,35.347,2.789
101069,866.207,50.895,15.327,33.769,2.686
101070,905.251,48.167,14.731,37.1,4.092
101071,878.587,50.483,10.398,39.094,7.499
101072,848.948,52.899,9.024,38.069,8.617
101073,957.223,46.671,15.434,37.886,4.211
101074,925.962,42.936,15.007,42.078,3.057
101075,782.703,51.268,9.04,39.718,7.891
101076,799.548,49.702,9.084,41.242,9.602
101077,768.187,51.626,7.859,40.578,10.776
101078,718.6,54.084,6.925,39.05,11.672
101079,673.352,50.694,8.632,40.708,12.872
101080,637.99,53.169,8.365,38.467,12.595
101081,651.404,51.791,8.097,40.115,12.52
101082,739.541,50.286,8.772,40.909,10.934
101083,801.826,46.218,10.702,43.025,9.373
101084,815.296,46.069,10.864,43.004,11.191
101085,804.644,45.091,10.785,44.025,10.101
101086,811.205,49.979,10.761,39.234,6.608
101087,764.54,52.904,9.961,37.108,9.667
101088,778.684,53.58,10.242,36.16,9.104
101089,793.338,53.643,10.538,35.797,8.66
101090,782.973,54.049,10.612,35.324,8.26
101091,639.871,47.078,9.655,43.373,12.054
101092,604.902,49.107,9.382,41.569,12.513
101093,652.05,50.717,9.134,40.194,11.636
101094,667.458,51.54,8.984,39.462,13.098
101095,719.342,49.633,9.302,41.001,11.027
101096,746.832,46.956,9.952,42.964,10.973
101097,792.834,44.149,11.523,44.232,10.285
101098,771.595,50.357,10.543,39.056,8.705
101099,752.719,51.905,10.316,37.748,9.564
101100,734.863,52.938,10.503,36.539,10.032
101101,766.613,52.212,10.799,36.98,8.941
101102,784.134,52.929,10.294,36.765,8.432
101103,617.313,50.05,9.273,40.667,12.742
101104,673.705,48.149,9.911,41.929,12.196
101105,669.028,48.454,9.908,41.608,13.223
101106,669.19,49.592,9.64,40.75,13.23
101107,722.058,48.748,9.827,41.353,11.525
101108,732.196,49.429,10.329,40.189,11.47
101109,744.745,51.67,10.126,38.193,9.571
101110,725.554,52.238,10.21,37.537,9.779
101111,755.436,52.276,10.791,36.914,8.977
101112,584.729,47.691,10.192,42.097,12.089
101113,593.379,46.487,11.344,42.112,12.252
101114,606.8,46.201,11.165,42.58,14.479
101115,573.419,46.69,11.222,42.085,14.681
101116,604.401,50.035,9.617,40.326,14.295
101117,715.199,52.85,9.117,37.998,12.488
101118,734.154,52.444,9.284,38.25,10.765
101119,740.059,50.733,10.326,38.894,8.97
101120,729.475,51.823,10.262,37.892,8.839
101121,523.525,44.156,11.343,44.496,13.068
101122,553.889,43.967,11.955,44.009,14.331
101123,572.424,44.666,12.131,43.122,13.73
101124,593.792,50.991,10.287,38.693,15.283
101125,648.527,53.819,9.593,36.564,14.94
101126,743.633,51.008,9.994,38.952,10.955
101127,745.268,52.742,10.217,37.019,10.529
101128,502.796,42.589,12.258,45.214,14.355
101129,493.328,42.163,12.624,45.217,13.828
101130,554.127,43.662,13.05,43.224,15.925
101131,545.006,46.98,11.911,41.091,16.247
101132,601.976,49.314,10.692,39.94,14.014
101133,639.882,47.609,11.265,41.051,12.647
101134,705.519,48.063,11.615,40.261,10.927
101135,479.446,43.839,13.266,42.901,13.668
101136,484.463,45.667,12.052,42.308,15.304
101137,504.277,44.22,12.632,43.166,16.422
101138,548.406,44.776,12.471,42.672,15.701
101139,570.127,45.924,12.354,41.628,13.451
101140,582.632,46.253,12.232,41.463,12.785
101141,489.596,46.039,13.053,40.876,13.15
101142,455.645,44.937,12.566,42.507,14.161
101143,466.002,42.801,13.391,43.75,15.341
101144,477.415,43.794,13.005,43.165,16.99
101145,596.234,45.832,13.182,40.937,14.283
101146,635.778,44.218,14.074,41.693,13.62
101147,461.789,45.98,13.003,40.989,12.903
101148,469.258,45.948,12.866,41.236,14.358
101149,454.356,42.682,14.091,43.235,13.949
101150,459.6,43.089,13.82,43.096,16.329
101151,528.777,44.385,14.358,41.269,15.959
101152,710.211,39.616,17.407,42.955,13.023
101153,441.916,45.662,13.624,40.751,14.25
101154,461.776,44.278,13.587,42.191,14.176
101155,476.162,43.029,13.953,43.042,16.396
101156,523.492,43.459,14.847,41.689,15.871
101157,551.707,41.18,16.433,42.375,13.815
101158,463.004,43.414,14.541,42.074,13.849
